{
    "10е1": [{
        "lesson_number": 1,
        "subject": "Математика А",
        "teacher": "Подпорина О. В",
        "cabinet": "1 корпус, 313"
    }, {
        "lesson_number": 2,
        "subject": "Математика А",
        "teacher": "Подпорина О. В.",
        "cabinet": "1 корпус, 313"
    }, {
        "lesson_number": 3,
        "subject": "Физика",
        "teacher": "Комаровский К. О.",
        "cabinet": "1 корпус, 105"
    }, {
        "lesson_number": 4,
        "subject": "Физика",
        "teacher": "Комаровский К. О.",
        "cabinet": "1 корпус, 105"
    }, {
        "lesson_number": 5,
        "subject": "Английский язык",
        "teacher": "Королева Н. Л.",
        "cabinet": "1 корпус, 310"
    }, {
        "lesson_number": 6,
        "subject": "Английский язык",
        "teacher": "Королева Н. Л.",
        "cabinet": "1 корпус, 310"
    }, {
        "lesson_number": 7,
        "subject": "Информатика и ИКТ",
        "teacher": "Демидова Н. М.",
        "cabinet": "1 корпус, 208"
    }, {
        "lesson_number": 8,
        "subject": "Информатика и ИКТ",
        "teacher": "Демидова Н. М.",
        "cabinet": "1 корпус, 208"
    }],
    "10е2": [{
        "lesson_number": 0,
        "subject": "Физика",
        "teacher": "Комаровский К. О.",
        "cabinet": "1 корпус, 105"
    }, {
        "lesson_number": 2,
        "subject": "Физика",
        "teacher": "Комаровский К. О.",
        "cabinet": "1 корпус, 105"
    }, {
        "lesson_number": 3,
        "subject": "Английский язык",
        "teacher": "Королева Н. Л.",
        "cabinet": "1 корпус, 310"
    }, {
        "lesson_number": 4,
        "subject": "Русский язык",
        "teacher": "Гамазина Е. С.",
        "cabinet": "1 корпус, 303"
    }, {
        "lesson_number": 5,
        "subject": "Информатика и ИКТ",
        "teacher": "Демидова Н. М.",
        "cabinet": "1 корпус, 208"
    }, {
        "lesson_number": 6,
        "subject": "Информатика и ИКТ",
        "teacher": "Демидова Н. М.",
        "cabinet": "1 корпус, 208"
    }]
}