{
    "понедельник": {
        "10е1": [{
            "lesson_number": 1,
            "subject": "Математика А",
            "teacher": "Подпорина О. В",
            "cabinet": "1 корпус, 313"
        }, {
            "lesson_number": 2,
            "subject": "Математика А",
            "teacher": "Подпорина О. В.",
            "cabinet": "1 корпус, 313"
        }, {
            "lesson_number": 3,
            "subject": "Физика",
            "teacher": "Комаровский К. О.",
            "cabinet": "1 корпус, 105"
        }, {
            "lesson_number": 4,
            "subject": "Физика",
            "teacher": "Комаровский К. О.",
            "cabinet": "1 корпус, 105"
        }, {
            "lesson_number": 5,
            "subject": "Английский язык",
            "teacher": "Королева Н. Л.",
            "cabinet": "1 корпус, 310"
        }, {
            "lesson_number": 6,
            "subject": "Английский язык",
            "teacher": "Королева Н. Л.",
            "cabinet": "1 корпус, 310"
        }, {
            "lesson_number": 7,
            "subject": "Информатика и ИКТ",
            "teacher": "Демидова Н. М.",
            "cabinet": "1 корпус, 208"
        }, {
            "lesson_number": 8,
            "subject": "Информатика и ИКТ",
            "teacher": "Демидова Н. М.",
            "cabinet": "1 корпус, 208"
        }],
        "10е2": [{
            "lesson_number": 0,
            "subject": "Физика",
            "teacher": "Комаровский К. О.",
            "cabinet": "1 корпус, 105"
        }, {
            "lesson_number": 2,
            "subject": "Физика",
            "teacher": "Комаровский К. О.",
            "cabinet": "1 корпус, 105"
        }, {
            "lesson_number": 3,
            "subject": "Английский язык",
            "teacher": "Королева Н. Л.",
            "cabinet": "1 корпус, 310"
        }, {
            "lesson_number": 4,
            "subject": "Русский язык",
            "teacher": "Гамазина Е. С.",
            "cabinet": "1 корпус, 303"
        }, {
            "lesson_number": 5,
            "subject": "Информатика и ИКТ",
            "teacher": "Демидова Н. М.",
            "cabinet": "1 корпус, 208"
        }, {
            "lesson_number": 6,
            "subject": "Информатика и ИКТ",
            "teacher": "Демидова Н. М.",
            "cabinet": "1 корпус, 208"
        }]
    },
    "вторник": {
        "10е1": [{
            "lesson_number": 3,
            "subject": "Математический анализ",
            "teacher": "Подпорина О. В.",
            "cabinet": "1 корпус, 105"
        }, {
            "lesson_number": 4,
            "subject": "Математический анализ",
            "teacher": "Подпорина О. В.",
            "cabinet": "1 корпус, 105"
        }, {
            "lesson_number": 5,
            "subject": "Основы схемотехники",
            "teacher": "Будняк А. Н.",
            "cabinet": "2 корпус, 210"
        }, {
            "lesson_number": 6,
            "subject": "Основы схемотехники",
            "teacher": "Будняк А. Н.",
            "cabinet": "2 корпус, 210"
        }, {
            "lesson_number": 7,
            "subject": "Теоретические основы математики",
            "teacher": "Ворошилова Т. Н.",
            "cabinet": "1 корпус, 212"
        }, {
            "lesson_number": 8,
            "subject": "Теоретические основы математики",
            "teacher": "Ворошилова Т. Н.",
            "cabinet": "1 корпус, 212"
        }],
        "10е2": [{
            "lesson_number": 3,
            "subject": "Основы схемотехники",
            "teacher": "Будняк А. Н.",
            "cabinet": "2 корпус, 210"
        }, {
            "lesson_number": 4,
            "subject": "Основы схемотехники",
            "teacher": "Будняк А. Н.",
            "cabinet": "2 корпус, 210"
        }, {
            "lesson_number": 5,
            "subject": "Математический анализ",
            "teacher": "Подпорина О. В.",
            "cabinet": "1 корпус, 105"
        }, {
            "lesson_number": 6,
            "subject": "Математический анализ",
            "teacher": "Подпорина О. В.",
            "cabinet": "1 корпус, 105"
        }, {
            "lesson_number": 7,
            "subject": "Теоретические основы математики",
            "teacher": "Ворошилова Т. Н.",
            "cabinet": "1 корпус, 212"
        }, {
            "lesson_number": 8,
            "subject": "Теоретические основы математики",
            "teacher": "Ворошилова Т. Н.",
            "cabinet": "1 корпус, 212"
        }]
    },
    "среда": {
        "10е1": [{
            "lesson_number": 1,
            "subject": "Информатика и ИКТ",
            "teacher": "Демидова Н. М.",
            "cabinet": "1 корпус, 208"
        }, {
            "lesson_number": 2,
            "subject": "Информатика и ИКТ",
            "teacher": "Демидова Н. М.",
            "cabinet": "1 корпус, 208"
        }, {
            "lesson_number": 3,
            "subject": "Информатика и ИКТ",
            "teacher": "Демидова Н. М.",
            "cabinet": "1 корпус, 208"
        }, {
            "lesson_number": 4,
            "subject": "Русский язык",
            "teacher": "Гамазина Е. С.",
            "cabinet": "1 корпус, 303"
        }, {
            "lesson_number": 5,
            "subject": "Английский язык",
            "teacher": "Королева Н. Л.",
            "cabinet": "1 корпус, 310"
        }, {
            "lesson_number": 6,
            "subject": "Литература",
            "teacher": "Гамазина Е. С.",
            "cabinet": "1 корпус, 303"
        }, {
            "lesson_number": 7,
            "subject": "Литература",
            "teacher": "Гамазина Е. С.",
            "cabinet": "1 корпус, 303"
        }],
        "10е2": [{
            "lesson_number": 1,
            "subject": "Математика Г",
            "teacher": "Подпорина О. В.",
            "cabinet": "1 корпус, 314"
        }, {
            "lesson_number": 2,
            "subject": "Математика Г",
            "teacher": "Подпорина О. В.",
            "cabinet": "1 корпус, 314"
        }, {
            "lesson_number": 3,
            "subject": "Математика А",
            "teacher": "Подпорина О. В.",
            "cabinet": "1 корпус, 314"
        }, {
            "lesson_number": 4,
            "subject": "Информатика и ИКТ",
            "teacher": "Демидова Н. М.",
            "cabinet": "1 корпус, 208"
        }, {
            "lesson_number": 5,
            "subject": "Информатика и ИКТ",
            "teacher": "Демидова Н. М.",
            "cabinet": "1 корпус, 208"
        }, {
            "lesson_number": 6,
            "subject": "Литература",
            "teacher": "Гамазина Е. С.",
            "cabinet": "1 корпус, 303"
        }, {
            "lesson_number": 7,
            "subject": "Литература",
            "teacher": "Гамазина Е. С.",
            "cabinet": "1 корпус, 303"
        }, {
            "lesson_number": 8,
            "subject": "Информатика и ИКТ",
            "teacher": "Демидова Н. М.",
            "cabinet": "1 корпус, 208"
        }]
    },
    "четверг": {
        "10е1": [{
            "lesson_number": 0,
            "subject": "Математика А",
            "teacher": "Подпорина О. В.",
            "cabinet": "1 корпус, 105"
        }, {
            "lesson_number": 1,
            "subject": "Математика Г",
            "teacher": "Подпорина О. В.",
            "cabinet": "1 корпус, 105"
        }, {
            "lesson_number": 2,
            "subject": "Математика Г",
            "teacher": "Подпорина О. В.",
            "cabinet": "1 корпус, 105"
        }, {
            "lesson_number": 3,
            "subject": "Физическая культура",
            "teacher": "физ-ра 5",
            "cabinet": "1 корпус, сп. зал"
        }, {
            "lesson_number": 4,
            "subject": "История",
            "teacher": "Ларина М. В.",
            "cabinet": "1 корпус, 201"
        }, {
            "lesson_number": 5,
            "subject": "ООП",
            "teacher": "Иванов К. Ю.",
            "cabinet": "1 корпус, 209"
        }, {
            "lesson_number": 6,
            "subject": "Теоретические основы информатики",
            "teacher": "Иванов К. Ю.",
            "cabinet": "1 корпус, 205"
        }],
        "10е2": [{
            "lesson_number": 1,
            "subject": "Английский язык",
            "teacher": "Королева Н. Л.",
            "cabinet": "1 корпус, 310"
        }, {
            "lesson_number": 2,
            "subject": "Английский язык",
            "teacher": "Королева Н. Л.",
            "cabinet": "1 корпус, 310"
        }, {
            "lesson_number": 3,
            "subject": "Физическая культура",
            "teacher": "физ-ра 5",
            "cabinet": "1 корпус, сп. зал"
        }, {
            "lesson_number": 4,
            "subject": "История",
            "teacher": "Ларина М. В.",
            "cabinet": "1 корпус, 201"
        }, {
            "lesson_number": 5,
            "subject": "Математика А",
            "teacher": "Подпорина О. В.",
            "cabinet": "1 корпус, 105"
        }, {
            "lesson_number": 6,
            "subject": "Математика А",
            "teacher": "Подпорина О. В.",
            "cabinet": "1 корпус, 105"
        }]
    },
    "пятница": {
        "10е1": [{
            "lesson_number": 3,
            "subject": "Литература",
            "teacher": "Гамазина Е. С.",
            "cabinet": "1 корпус, 303"
        }, {
            "lesson_number": 4,
            "subject": "Спортивные секции",
            "teacher": "физ-ра 1",
            "cabinet": "1 корпус, сп. зал"
        }, {
            "lesson_number": 5,
            "subject": "ОБЖ",
            "teacher": "Евстигнеев А. М.",
            "cabinet": "1 корпус, 312"
        }, {
            "lesson_number": 6,
            "subject": "Химия",
            "teacher": "Трофимова Е. В.",
            "cabinet": "1 корпус, 124"
        }, {
            "lesson_number": 7,
            "subject": "Физика",
            "teacher": "Комаровский К. О.",
            "cabinet": "1 корпус, 303"
        }, {
            "lesson_number": 8,
            "subject": "Физика",
            "teacher": "Комаровский К. О.",
            "cabinet": "1 корпус, 303"
        }],
        "10е2": [{
            "lesson_number": 1,
            "subject": "ООП",
            "teacher": "Иванов К. Ю.",
            "cabinet": "1 корпус, 312"
        }, {
            "lesson_number": 2,
            "subject": "Теоретические основы информатики",
            "teacher": "Иванов К. Ю.",
            "cabinet": "1 корпус, 312"
        }, {
            "lesson_number": 3,
            "subject": "Литература",
            "teacher": "Гамазина Е. С.",
            "cabinet": "1 корпус, 303"
        }, {
            "lesson_number": 4,
            "subject": "Спортивные секции",
            "teacher": "физ-ра 1",
            "cabinet": "1 корпус, сп. зал"
        }, {
            "lesson_number": 5,
            "subject": "ОБЖ",
            "teacher": "Евстигнеев А. М.",
            "cabinet": "1 корпус, 312"
        }, {
            "lesson_number": 6,
            "subject": "Химия",
            "teacher": "Трофимова Е. В.",
            "cabinet": "1 корпус, 124"
        }]
    }
}